date,food_item,quantity_sold,students_present,price,is_holiday,is_exam_day
2026-03-01,Samosa,104,339,22,0,0
2026-03-01,Vada Pav,100,339,20,0,0
2026-03-01,Poha,80,339,25,0,0
2026-03-01,Misal Pav,46,339,40,0,0
2026-03-01,Idli,57,339,35,0,0
2026-03-01,Tea,165,339,12,0,0
2026-03-02,Samosa,154,510,22,0,0
2026-03-02,Vada Pav,115,510,20,0,0
2026-03-02,Poha,104,510,25,0,0
2026-03-02,Misal Pav,82,510,40,0,0
2026-03-02,Idli,88,510,35,0,0
2026-03-02,Tea,235,510,12,0,0
2026-03-03,Samosa,146,534,22,0,0
2026-03-03,Vada Pav,129,534,20,0,0
2026-03-03,Poha,92,534,25,0,0
2026-03-03,Misal Pav,83,534,40,0,0
2026-03-03,Idli,88,534,35,0,0
2026-03-03,Tea,216,534,12,0,0
2026-03-04,Samosa,168,499,22,0,0
2026-03-04,Vada Pav,121,499,20,0,0
2026-03-04,Poha,94,499,25,0,0
2026-03-04,Misal Pav,74,499,40,0,0
2026-03-04,Idli,90,499,35,0,0
2026-03-04,Tea,221,499,12,0,0
2026-03-05,Samosa,162,532,22,0,0
2026-03-05,Vada Pav,146,532,20,0,0
2026-03-05,Poha,96,532,25,0,0
2026-03-05,Misal Pav,75,532,40,0,0
2026-03-05,Idli,83,532,35,0,0
2026-03-05,Tea,229,532,12,0,0
2026-03-06,Samosa,157,553,22,0,0
2026-03-06,Vada Pav,118,553,20,0,0
2026-03-06,Poha,94,553,25,0,0
2026-03-06,Misal Pav,83,553,40,0,0
2026-03-06,Idli,94,553,35,0,0
2026-03-06,Tea,231,553,12,0,0
2026-03-07,Samosa,102,310,22,0,0
2026-03-07,Vada Pav,80,310,20,0,0
2026-03-07,Poha,64,310,25,0,0
2026-03-07,Misal Pav,55,310,40,0,0
2026-03-07,Idli,57,310,35,0,0
2026-03-07,Tea,150,310,12,0,0
2026-03-08,Samosa,104,332,22,0,0
2026-03-08,Vada Pav,86,332,20,0,0
2026-03-08,Poha,52,332,25,0,0
2026-03-08,Misal Pav,48,332,40,0,0
2026-03-08,Idli,53,332,35,0,0
2026-03-08,Tea,130,332,12,0,0
2026-03-09,Samosa,173,511,22,0,0
2026-03-09,Vada Pav,115,511,20,0,0
2026-03-09,Poha,105,511,25,0,0
2026-03-09,Misal Pav,67,511,40,0,0
2026-03-09,Idli,85,511,35,0,0
2026-03-09,Tea,219,511,12,0,0
2026-03-10,Samosa,165,537,22,0,0
2026-03-10,Vada Pav,133,537,20,0,0
2026-03-10,Poha,96,537,25,0,0
2026-03-10,Misal Pav,75,537,40,0,0
2026-03-10,Idli,94,537,35,0,0
2026-03-10,Tea,216,537,12,0,0
2026-03-11,Samosa,138,481,22,0,0
2026-03-11,Vada Pav,113,481,20,0,0
2026-03-11,Poha,100,481,25,0,0
2026-03-11,Misal Pav,77,481,40,0,0
2026-03-11,Idli,91,481,35,0,0
2026-03-11,Tea,206,481,12,0,0
2026-03-12,Samosa,163,524,22,0,0
2026-03-12,Vada Pav,121,524,20,0,0
2026-03-12,Poha,102,524,25,0,0
2026-03-12,Misal Pav,74,524,40,0,0
2026-03-12,Idli,86,524,35,0,0
2026-03-12,Tea,212,524,12,0,0
2026-03-13,Samosa,158,484,22,0,0
2026-03-13,Vada Pav,117,484,20,0,0
2026-03-13,Poha,96,484,25,0,0
2026-03-13,Misal Pav,79,484,40,0,0
2026-03-13,Idli,89,484,35,0,0
2026-03-13,Tea,225,484,12,0,0
2026-03-14,Samosa,95,327,22,0,0
2026-03-14,Vada Pav,79,327,20,0,0
2026-03-14,Poha,50,327,25,0,0
2026-03-14,Misal Pav,41,327,40,0,0
2026-03-14,Idli,48,327,35,0,0
2026-03-14,Tea,124,327,12,0,0
2026-03-15,Samosa,90,341,22,0,0
2026-03-15,Vada Pav,77,341,20,0,0
2026-03-15,Poha,74,341,25,0,0
2026-03-15,Misal Pav,48,341,40,0,0
2026-03-15,Idli,62,341,35,0,0
2026-03-15,Tea,126,341,12,0,0
2026-03-16,Samosa,143,513,22,0,0
2026-03-16,Vada Pav,120,513,20,0,0
2026-03-16,Poha,104,513,25,0,0
2026-03-16,Misal Pav,67,513,40,0,0
2026-03-16,Idli,90,513,35,0,0
2026-03-16,Tea,221,513,12,0,0
2026-03-17,Samosa,136,502,22,0,0
2026-03-17,Vada Pav,124,502,20,0,0
2026-03-17,Poha,93,502,25,0,0
2026-03-17,Misal Pav,78,502,40,0,0
2026-03-17,Idli,87,502,35,0,0
2026-03-17,Tea,242,502,12,0,0
2026-03-18,Samosa,142,512,22,0,0
2026-03-18,Vada Pav,125,512,20,0,0
2026-03-18,Poha,99,512,25,0,0
2026-03-18,Misal Pav,85,512,40,0,0
2026-03-18,Idli,93,512,35,0,0
2026-03-18,Tea,223,512,12,0,0
2026-03-19,Samosa,145,563,22,0,0
2026-03-19,Vada Pav,121,563,20,0,0
2026-03-19,Poha,93,563,25,0,0
2026-03-19,Misal Pav,77,563,40,0,0
2026-03-19,Idli,80,563,35,0,0
2026-03-19,Tea,233,563,12,0,0
2026-03-20,Samosa,137,513,22,0,0
2026-03-20,Vada Pav,114,513,20,0,0
2026-03-20,Poha,100,513,25,0,0
2026-03-20,Misal Pav,82,513,40,0,0
2026-03-20,Idli,101,513,35,0,0
2026-03-20,Tea,266,513,12,0,0
2026-03-21,Samosa,89,342,22,0,0
2026-03-21,Vada Pav,60,342,20,0,0
2026-03-21,Poha,66,342,25,0,0
2026-03-21,Misal Pav,45,342,40,0,0
2026-03-21,Idli,54,342,35,0,0
2026-03-21,Tea,131,342,12,0,0
2026-03-22,Samosa,113,325,22,0,0
2026-03-22,Vada Pav,81,325,20,0,0
2026-03-22,Poha,62,325,25,0,0
2026-03-22,Misal Pav,44,325,40,0,0
2026-03-22,Idli,45,325,35,0,0
2026-03-22,Tea,132,325,12,0,0
2026-03-23,Samosa,176,518,22,0,0
2026-03-23,Vada Pav,125,518,20,0,0
2026-03-23,Poha,106,518,25,0,0
2026-03-23,Misal Pav,74,518,40,0,0
2026-03-23,Idli,80,518,35,0,0
2026-03-23,Tea,201,518,12,0,0
2026-03-24,Samosa,179,498,22,0,0
2026-03-24,Vada Pav,115,498,20,0,0
2026-03-24,Poha,103,498,25,0,0
2026-03-24,Misal Pav,71,498,40,0,0
2026-03-24,Idli,93,498,35,0,0
2026-03-24,Tea,222,498,12,0,0
2026-03-25,Samosa,154,515,22,0,0
2026-03-25,Vada Pav,118,515,20,0,0
2026-03-25,Poha,101,515,25,0,0
2026-03-25,Misal Pav,74,515,40,0,0
2026-03-25,Idli,79,515,35,0,0
2026-03-25,Tea,196,515,12,0,0
2026-03-26,Samosa,175,525,22,0,0
2026-03-26,Vada Pav,126,525,20,0,0
2026-03-26,Poha,98,525,25,0,0
2026-03-26,Misal Pav,79,525,40,0,0
2026-03-26,Idli,97,525,35,0,0
2026-03-26,Tea,222,525,12,0,0
2026-03-27,Samosa,168,507,22,0,0
2026-03-27,Vada Pav,127,507,20,0,0
2026-03-27,Poha,109,507,25,0,0
2026-03-27,Misal Pav,78,507,40,0,0
2026-03-27,Idli,79,507,35,0,0
2026-03-27,Tea,193,507,12,0,0
2026-03-28,Samosa,124,379,22,0,0
2026-03-28,Vada Pav,81,379,20,0,0
2026-03-28,Poha,62,379,25,0,0
2026-03-28,Misal Pav,60,379,40,0,0
2026-03-28,Idli,51,379,35,0,0
2026-03-28,Tea,130,379,12,0,0
2026-03-29,Samosa,97,349,22,0,0
2026-03-29,Vada Pav,81,349,20,0,0
2026-03-29,Poha,63,349,25,0,0
2026-03-29,Misal Pav,52,349,40,0,0
2026-03-29,Idli,67,349,35,0,0
2026-03-29,Tea,144,349,12,0,0
2026-03-30,Samosa,132,539,22,0,0
2026-03-30,Vada Pav,125,539,20,0,0
2026-03-30,Poha,93,539,25,0,0
2026-03-30,Misal Pav,71,539,40,0,0
2026-03-30,Idli,83,539,35,0,0
2026-03-30,Tea,214,539,12,0,0
2026-03-31,Samosa,142,547,22,0,0
2026-03-31,Vada Pav,126,547,20,0,0
2026-03-31,Poha,96,547,25,0,0
2026-03-31,Misal Pav,77,547,40,0,0
2026-03-31,Idli,96,547,35,0,0
2026-03-31,Tea,230,547,12,0,0
2026-04-01,Samosa,181,560,22,0,0
2026-04-01,Vada Pav,139,560,20,0,0
2026-04-01,Poha,114,560,25,0,0
2026-04-01,Misal Pav,92,560,40,0,0
2026-04-01,Idli,104,560,35,0,0
2026-04-01,Tea,238,560,12,0,0
2026-04-02,Samosa,158,522,22,0,0
2026-04-02,Vada Pav,148,522,20,0,0
2026-04-02,Poha,113,522,25,0,0
2026-04-02,Misal Pav,72,522,40,0,0
2026-04-02,Idli,86,522,35,0,0
2026-04-02,Tea,193,522,12,0,0
2026-04-03,Samosa,158,502,22,0,0
2026-04-03,Vada Pav,135,502,20,0,0
2026-04-03,Poha,92,502,25,0,0
2026-04-03,Misal Pav,73,502,40,0,0
2026-04-03,Idli,72,502,35,0,0
2026-04-03,Tea,213,502,12,0,0
2026-04-04,Samosa,92,298,22,0,0
2026-04-04,Vada Pav,70,298,20,0,0
2026-04-04,Poha,61,298,25,0,0
2026-04-04,Misal Pav,38,298,40,0,0
2026-04-04,Idli,46,298,35,0,0
2026-04-04,Tea,174,298,12,0,0
2026-04-05,Samosa,85,291,22,0,0
2026-04-05,Vada Pav,96,291,20,0,0
2026-04-05,Poha,84,291,25,0,0
2026-04-05,Misal Pav,42,291,40,0,0
2026-04-05,Idli,53,291,35,0,0
2026-04-05,Tea,143,291,12,0,0
2026-04-06,Samosa,148,571,22,0,0
2026-04-06,Vada Pav,125,571,20,0,0
2026-04-06,Poha,107,571,25,0,0
2026-04-06,Misal Pav,82,571,40,0,0
2026-04-06,Idli,88,571,35,0,0
2026-04-06,Tea,221,571,12,0,0
2026-04-07,Samosa,149,478,22,0,0
2026-04-07,Vada Pav,119,478,20,0,0
2026-04-07,Poha,98,478,25,0,0
2026-04-07,Misal Pav,72,478,40,0,0
2026-04-07,Idli,89,478,35,0,0
2026-04-07,Tea,230,478,12,0,0
2026-04-08,Samosa,160,524,22,0,0
2026-04-08,Vada Pav,125,524,20,0,0
2026-04-08,Poha,98,524,25,0,0
2026-04-08,Misal Pav,73,524,40,0,0
2026-04-08,Idli,90,524,35,0,0
2026-04-08,Tea,216,524,12,0,0
2026-04-09,Samosa,179,582,22,0,0
2026-04-09,Vada Pav,132,582,20,0,0
2026-04-09,Poha,96,582,25,0,0
2026-04-09,Misal Pav,73,582,40,0,0
2026-04-09,Idli,99,582,35,0,0
2026-04-09,Tea,229,582,12,0,0
2026-04-10,Samosa,136,534,22,0,0
2026-04-10,Vada Pav,134,534,20,0,0
2026-04-10,Poha,102,534,25,0,0
2026-04-10,Misal Pav,71,534,40,0,0
2026-04-10,Idli,85,534,35,0,0
2026-04-10,Tea,224,534,12,0,0
2026-04-11,Samosa,97,331,22,0,0
2026-04-11,Vada Pav,79,331,20,0,0
2026-04-11,Poha,61,331,25,0,0
2026-04-11,Misal Pav,51,331,40,0,0
2026-04-11,Idli,67,331,35,0,0
2026-04-11,Tea,98,331,12,0,0
2026-04-12,Samosa,102,322,22,0,0
2026-04-12,Vada Pav,83,322,20,0,0
2026-04-12,Poha,60,322,25,0,0
2026-04-12,Misal Pav,39,322,40,0,0
2026-04-12,Idli,59,322,35,0,0
2026-04-12,Tea,169,322,12,0,0
2026-04-13,Samosa,162,473,22,0,0
2026-04-13,Vada Pav,118,473,20,0,0
2026-04-13,Poha,95,473,25,0,0
2026-04-13,Misal Pav,69,473,40,0,0
2026-04-13,Idli,83,473,35,0,0
2026-04-13,Tea,234,473,12,0,0
2026-04-14,Samosa,178,537,22,0,0
2026-04-14,Vada Pav,137,537,20,0,0
2026-04-14,Poha,102,537,25,0,0
2026-04-14,Misal Pav,89,537,40,0,0
2026-04-14,Idli,92,537,35,0,0
2026-04-14,Tea,234,537,12,0,0
2026-04-15,Samosa,155,511,22,0,0
2026-04-15,Vada Pav,117,511,20,0,0
2026-04-15,Poha,105,511,25,0,0
2026-04-15,Misal Pav,70,511,40,0,0
2026-04-15,Idli,93,511,35,0,0
2026-04-15,Tea,213,511,12,0,0
2026-04-16,Samosa,167,555,22,0,0
2026-04-16,Vada Pav,144,555,20,0,0
2026-04-16,Poha,106,555,25,0,0
2026-04-16,Misal Pav,69,555,40,0,0
2026-04-16,Idli,89,555,35,0,0
2026-04-16,Tea,202,555,12,0,0
2026-04-17,Samosa,172,504,22,0,0
2026-04-17,Vada Pav,129,504,20,0,0
2026-04-17,Poha,92,504,25,0,0
2026-04-17,Misal Pav,71,504,40,0,0
2026-04-17,Idli,87,504,35,0,0
2026-04-17,Tea,195,504,12,0,0
2026-04-18,Samosa,103,309,22,0,0
2026-04-18,Vada Pav,90,309,20,0,0
2026-04-18,Poha,67,309,25,0,0
2026-04-18,Misal Pav,36,309,40,0,0
2026-04-18,Idli,58,309,35,0,0
2026-04-18,Tea,140,309,12,0,0
2026-04-19,Samosa,120,342,22,0,0
2026-04-19,Vada Pav,61,342,20,0,0
2026-04-19,Poha,59,342,25,0,0
2026-04-19,Misal Pav,54,342,40,0,0
2026-04-19,Idli,46,342,35,0,0
2026-04-19,Tea,166,342,12,0,0
2026-04-20,Samosa,166,531,22,0,0
2026-04-20,Vada Pav,119,531,20,0,0
2026-04-20,Poha,105,531,25,0,0
2026-04-20,Misal Pav,84,531,40,0,0
2026-04-20,Idli,90,531,35,0,0
2026-04-20,Tea,223,531,12,0,0
2026-04-21,Samosa,146,528,22,0,0
2026-04-21,Vada Pav,123,528,20,0,0
2026-04-21,Poha,97,528,25,0,0
2026-04-21,Misal Pav,80,528,40,0,0
2026-04-21,Idli,95,528,35,0,0
2026-04-21,Tea,201,528,12,0,0
2026-04-22,Samosa,173,516,22,0,0
2026-04-22,Vada Pav,117,516,20,0,0
2026-04-22,Poha,92,516,25,0,0
2026-04-22,Misal Pav,78,516,40,0,0
2026-04-22,Idli,93,516,35,0,0
2026-04-22,Tea,217,516,12,0,0
2026-04-23,Samosa,169,559,22,0,0
2026-04-23,Vada Pav,135,559,20,0,0
2026-04-23,Poha,104,559,25,0,0
2026-04-23,Misal Pav,93,559,40,0,0
2026-04-23,Idli,88,559,35,0,0
2026-04-23,Tea,189,559,12,0,0
2026-04-24,Samosa,154,568,22,0,0
2026-04-24,Vada Pav,128,568,20,0,0
2026-04-24,Poha,111,568,25,0,0
2026-04-24,Misal Pav,70,568,40,0,0
2026-04-24,Idli,82,568,35,0,0
2026-04-24,Tea,196,568,12,0,0
2026-04-25,Samosa,104,306,22,0,0
2026-04-25,Vada Pav,84,306,20,0,0
2026-04-25,Poha,65,306,25,0,0
2026-04-25,Misal Pav,41,306,40,0,0
2026-04-25,Idli,40,306,35,0,0
2026-04-25,Tea,140,306,12,0,0
2026-04-26,Samosa,105,315,22,0,0
2026-04-26,Vada Pav,86,315,20,0,0
2026-04-26,Poha,64,315,25,0,0
2026-04-26,Misal Pav,54,315,40,0,0
2026-04-26,Idli,58,315,35,0,0
2026-04-26,Tea,148,315,12,0,0
2026-04-27,Samosa,151,498,22,0,0
2026-04-27,Vada Pav,125,498,20,0,0
2026-04-27,Poha,103,498,25,0,0
2026-04-27,Misal Pav,74,498,40,0,0
2026-04-27,Idli,90,498,35,0,0
2026-04-27,Tea,211,498,12,0,0
2026-04-28,Samosa,165,516,22,0,0
2026-04-28,Vada Pav,105,516,20,0,0
2026-04-28,Poha,88,516,25,0,0
2026-04-28,Misal Pav,68,516,40,0,0
2026-04-28,Idli,72,516,35,0,0
2026-04-28,Tea,206,516,12,0,0
2026-04-29,Samosa,154,542,22,0,0
2026-04-29,Vada Pav,128,542,20,0,0
2026-04-29,Poha,108,542,25,0,0
2026-04-29,Misal Pav,86,542,40,0,0
2026-04-29,Idli,88,542,35,0,0
2026-04-29,Tea,243,542,12,0,0
2026-04-30,Samosa,145,522,22,0,0
2026-04-30,Vada Pav,119,522,20,0,0
2026-04-30,Poha,87,522,25,0,0
2026-04-30,Misal Pav,72,522,40,0,0
2026-04-30,Idli,85,522,35,0,0
2026-04-30,Tea,231,522,12,0,0
2026-05-01,Samosa,143,571,22,0,0
2026-05-01,Vada Pav,131,571,20,0,0
2026-05-01,Poha,93,571,25,0,0
2026-05-01,Misal Pav,82,571,40,0,0
2026-05-01,Idli,89,571,35,0,0
2026-05-01,Tea,193,571,12,0,0
2026-05-02,Samosa,110,357,22,0,0
2026-05-02,Vada Pav,89,357,20,0,0
2026-05-02,Poha,66,357,25,0,0
2026-05-02,Misal Pav,54,357,40,0,0
2026-05-02,Idli,69,357,35,0,0
2026-05-02,Tea,161,357,12,0,0
2026-05-03,Samosa,105,339,22,0,0
2026-05-03,Vada Pav,93,339,20,0,0
2026-05-03,Poha,61,339,25,0,0
2026-05-03,Misal Pav,41,339,40,0,0
2026-05-03,Idli,64,339,35,0,0
2026-05-03,Tea,136,339,12,0,0
2026-05-04,Samosa,163,553,22,0,0
2026-05-04,Vada Pav,125,553,20,0,0
2026-05-04,Poha,103,553,25,0,0
2026-05-04,Misal Pav,90,553,40,0,0
2026-05-04,Idli,103,553,35,0,0
2026-05-04,Tea,223,553,12,0,0
2026-05-05,Samosa,169,524,22,0,0
2026-05-05,Vada Pav,116,524,20,0,0
2026-05-05,Poha,101,524,25,0,0
2026-05-05,Misal Pav,77,524,40,0,0
2026-05-05,Idli,90,524,35,0,0
2026-05-05,Tea,204,524,12,0,0
2026-05-06,Samosa,126,472,22,0,0
2026-05-06,Vada Pav,110,472,20,0,0
2026-05-06,Poha,92,472,25,0,0
2026-05-06,Misal Pav,74,472,40,0,0
2026-05-06,Idli,99,472,35,0,0
2026-05-06,Tea,231,472,12,0,0
2026-05-07,Samosa,157,491,22,0,0
2026-05-07,Vada Pav,118,491,20,0,0
2026-05-07,Poha,95,491,25,0,0
2026-05-07,Misal Pav,77,491,40,0,0
2026-05-07,Idli,91,491,35,0,0
2026-05-07,Tea,209,491,12,0,0
2026-05-08,Samosa,144,551,22,0,0
2026-05-08,Vada Pav,126,551,20,0,0
2026-05-08,Poha,120,551,25,0,0
2026-05-08,Misal Pav,80,551,40,0,0
2026-05-08,Idli,99,551,35,0,0
2026-05-08,Tea,223,551,12,0,0
2026-05-09,Samosa,101,347,22,0,0
2026-05-09,Vada Pav,79,347,20,0,0
2026-05-09,Poha,58,347,25,0,0
2026-05-09,Misal Pav,53,347,40,0,0
2026-05-09,Idli,51,347,35,0,0
2026-05-09,Tea,153,347,12,0,0
2026-05-10,Samosa,107,362,22,0,0
2026-05-10,Vada Pav,79,362,20,0,0
2026-05-10,Poha,68,362,25,0,0
2026-05-10,Misal Pav,49,362,40,0,0
2026-05-10,Idli,64,362,35,0,0
2026-05-10,Tea,113,362,12,0,0
2026-05-11,Samosa,131,509,22,0,0
2026-05-11,Vada Pav,109,509,20,0,0
2026-05-11,Poha,108,509,25,0,0
2026-05-11,Misal Pav,82,509,40,0,0
2026-05-11,Idli,82,509,35,0,0
2026-05-11,Tea,191,509,12,0,0
2026-05-12,Samosa,141,431,22,0,0
2026-05-12,Vada Pav,141,431,20,0,0
2026-05-12,Poha,97,431,25,0,0
2026-05-12,Misal Pav,70,431,40,0,0
2026-05-12,Idli,87,431,35,0,0
2026-05-12,Tea,181,431,12,0,0
2026-05-13,Samosa,156,511,22,0,0
2026-05-13,Vada Pav,123,511,20,0,0
2026-05-13,Poha,104,511,25,0,0
2026-05-13,Misal Pav,79,511,40,0,0
2026-05-13,Idli,92,511,35,0,0
2026-05-13,Tea,205,511,12,0,0
2026-05-14,Samosa,177,546,22,0,0
2026-05-14,Vada Pav,117,546,20,0,0
2026-05-14,Poha,93,546,25,0,0
2026-05-14,Misal Pav,87,546,40,0,0
2026-05-14,Idli,88,546,35,0,0
2026-05-14,Tea,244,546,12,0,0
2026-05-15,Samosa,172,506,22,0,0
2026-05-15,Vada Pav,124,506,20,0,0
2026-05-15,Poha,99,506,25,0,0
2026-05-15,Misal Pav,86,506,40,0,0
2026-05-15,Idli,85,506,35,0,0
2026-05-15,Tea,200,506,12,0,0
2026-05-16,Samosa,105,316,22,0,0
2026-05-16,Vada Pav,64,316,20,0,0
2026-05-16,Poha,68,316,25,0,0
2026-05-16,Misal Pav,46,316,40,0,0
2026-05-16,Idli,64,316,35,0,0
2026-05-16,Tea,99,316,12,0,0
2026-05-17,Samosa,79,306,22,0,0
2026-05-17,Vada Pav,71,306,20,0,0
2026-05-17,Poha,64,306,25,0,0
2026-05-17,Misal Pav,48,306,40,0,0
2026-05-17,Idli,54,306,35,0,0
2026-05-17,Tea,136,306,12,0,0
2026-05-18,Samosa,144,526,22,0,0
2026-05-18,Vada Pav,131,526,20,0,0
2026-05-18,Poha,104,526,25,0,0
2026-05-18,Misal Pav,80,526,40,0,0
2026-05-18,Idli,92,526,35,0,0
2026-05-18,Tea,223,526,12,0,0
2026-05-19,Samosa,159,581,22,0,0
2026-05-19,Vada Pav,125,581,20,0,0
2026-05-19,Poha,96,581,25,0,0
2026-05-19,Misal Pav,74,581,40,0,0
2026-05-19,Idli,82,581,35,0,0
2026-05-19,Tea,210,581,12,0,0
2026-05-20,Samosa,159,517,22,0,0
2026-05-20,Vada Pav,124,517,20,0,0
2026-05-20,Poha,92,517,25,0,0
2026-05-20,Misal Pav,83,517,40,0,0
2026-05-20,Idli,93,517,35,0,0
2026-05-20,Tea,215,517,12,0,0
2026-05-21,Samosa,160,500,22,0,0
2026-05-21,Vada Pav,125,500,20,0,0
2026-05-21,Poha,86,500,25,0,0
2026-05-21,Misal Pav,76,500,40,0,0
2026-05-21,Idli,89,500,35,0,0
2026-05-21,Tea,200,500,12,0,0
2026-05-22,Samosa,138,525,22,0,0
2026-05-22,Vada Pav,137,525,20,0,0
2026-05-22,Poha,108,525,25,0,0
2026-05-22,Misal Pav,76,525,40,0,0
2026-05-22,Idli,91,525,35,0,0
2026-05-22,Tea,178,525,12,0,0
2026-05-23,Samosa,95,295,22,0,0
2026-05-23,Vada Pav,68,295,20,0,0
2026-05-23,Poha,67,295,25,0,0
2026-05-23,Misal Pav,61,295,40,0,0
2026-05-23,Idli,47,295,35,0,0
2026-05-23,Tea,124,295,12,0,0
2026-05-24,Samosa,120,337,22,0,0
2026-05-24,Vada Pav,69,337,20,0,0
2026-05-24,Poha,65,337,25,0,0
2026-05-24,Misal Pav,61,337,40,0,0
2026-05-24,Idli,46,337,35,0,0
2026-05-24,Tea,120,337,12,0,0
2026-05-25,Samosa,148,507,22,0,0
2026-05-25,Vada Pav,131,507,20,0,0
2026-05-25,Poha,99,507,25,0,0
2026-05-25,Misal Pav,66,507,40,0,0
2026-05-25,Idli,91,507,35,0,0
2026-05-25,Tea,206,507,12,0,0
2026-05-26,Samosa,151,558,22,0,0
2026-05-26,Vada Pav,121,558,20,0,0
2026-05-26,Poha,104,558,25,0,0
2026-05-26,Misal Pav,84,558,40,0,0
2026-05-26,Idli,93,558,35,0,0
2026-05-26,Tea,194,558,12,0,0
2026-05-27,Samosa,144,536,22,0,0
2026-05-27,Vada Pav,127,536,20,0,0
2026-05-27,Poha,88,536,25,0,0
2026-05-27,Misal Pav,81,536,40,0,0
2026-05-27,Idli,83,536,35,0,0
2026-05-27,Tea,198,536,12,0,0
2026-05-28,Samosa,160,541,22,0,0
2026-05-28,Vada Pav,120,541,20,0,0
2026-05-28,Poha,110,541,25,0,0
2026-05-28,Misal Pav,76,541,40,0,0
2026-05-28,Idli,89,541,35,0,0
2026-05-28,Tea,225,541,12,0,0
2026-05-29,Samosa,159,501,22,0,0
2026-05-29,Vada Pav,118,501,20,0,0
2026-05-29,Poha,94,501,25,0,0
2026-05-29,Misal Pav,85,501,40,0,0
2026-05-29,Idli,80,501,35,0,0
2026-05-29,Tea,175,501,12,0,0
2026-05-30,Samosa,134,378,22,0,0
2026-05-30,Vada Pav,79,378,20,0,0
2026-05-30,Poha,50,378,25,0,0
2026-05-30,Misal Pav,49,378,40,0,0
2026-05-30,Idli,56,378,35,0,0
2026-05-30,Tea,141,378,12,0,0
2026-05-31,Samosa,105,296,22,0,0
2026-05-31,Vada Pav,84,296,20,0,0
2026-05-31,Poha,51,296,25,0,0
2026-05-31,Misal Pav,53,296,40,0,0
2026-05-31,Idli,69,296,35,0,0
2026-05-31,Tea,141,296,12,0,0
2026-06-01,Samosa,153,509,22,0,0
2026-06-01,Vada Pav,129,509,20,0,0
2026-06-01,Poha,84,509,25,0,0
2026-06-01,Misal Pav,78,509,40,0,0
2026-06-01,Idli,85,509,35,0,0
2026-06-01,Tea,247,509,12,0,0
2026-06-02,Samosa,198,514,22,0,0
2026-06-02,Vada Pav,132,514,20,0,0
2026-06-02,Poha,117,514,25,0,0
2026-06-02,Misal Pav,91,514,40,0,0
2026-06-02,Idli,95,514,35,0,0
2026-06-02,Tea,253,514,12,0,0
2026-06-03,Samosa,154,556,22,0,0
2026-06-03,Vada Pav,110,556,20,0,0
2026-06-03,Poha,100,556,25,0,0
2026-06-03,Misal Pav,74,556,40,0,0
2026-06-03,Idli,87,556,35,0,0
2026-06-03,Tea,220,556,12,0,0
2026-06-04,Samosa,132,468,22,0,0
2026-06-04,Vada Pav,125,468,20,0,0
2026-06-04,Poha,91,468,25,0,0
2026-06-04,Misal Pav,60,468,40,0,0
2026-06-04,Idli,91,468,35,0,0
2026-06-04,Tea,216,468,12,0,0
2026-06-05,Samosa,138,498,22,0,0
2026-06-05,Vada Pav,131,498,20,0,0
2026-06-05,Poha,100,498,25,0,0
2026-06-05,Misal Pav,91,498,40,0,0
2026-06-05,Idli,90,498,35,0,0
2026-06-05,Tea,222,498,12,0,0
2026-06-06,Samosa,110,324,22,0,0
2026-06-06,Vada Pav,86,324,20,0,0
2026-06-06,Poha,73,324,25,0,0
2026-06-06,Misal Pav,47,324,40,0,0
2026-06-06,Idli,53,324,35,0,0
2026-06-06,Tea,132,324,12,0,0
2026-06-07,Samosa,120,353,22,0,0
2026-06-07,Vada Pav,77,353,20,0,0
2026-06-07,Poha,61,353,25,0,0
2026-06-07,Misal Pav,52,353,40,0,0
2026-06-07,Idli,56,353,35,0,0
2026-06-07,Tea,159,353,12,0,0
2026-06-08,Samosa,140,452,22,0,0
2026-06-08,Vada Pav,112,452,20,0,0
2026-06-08,Poha,77,452,25,0,0
2026-06-08,Misal Pav,69,452,40,0,0
2026-06-08,Idli,78,452,35,0,0
2026-06-08,Tea,206,452,12,0,0
2026-06-09,Samosa,155,553,22,0,0
2026-06-09,Vada Pav,116,553,20,0,0
2026-06-09,Poha,100,553,25,0,0
2026-06-09,Misal Pav,85,553,40,0,0
2026-06-09,Idli,83,553,35,0,0
2026-06-09,Tea,206,553,12,0,0
2026-06-10,Samosa,154,536,22,0,0
2026-06-10,Vada Pav,131,536,20,0,0
2026-06-10,Poha,99,536,25,0,0
2026-06-10,Misal Pav,82,536,40,0,0
2026-06-10,Idli,82,536,35,0,0
2026-06-10,Tea,219,536,12,0,0
2026-06-11,Samosa,140,513,22,0,0
2026-06-11,Vada Pav,109,513,20,0,0
2026-06-11,Poha,103,513,25,0,0
2026-06-11,Misal Pav,75,513,40,0,0
2026-06-11,Idli,81,513,35,0,0
2026-06-11,Tea,215,513,12,0,0
2026-06-12,Samosa,131,553,22,0,0
2026-06-12,Vada Pav,112,553,20,0,0
2026-06-12,Poha,93,553,25,0,0
2026-06-12,Misal Pav,88,553,40,0,0
2026-06-12,Idli,91,553,35,0,0
2026-06-12,Tea,234,553,12,0,0
2026-06-13,Samosa,85,295,22,0,0
2026-06-13,Vada Pav,83,295,20,0,0
2026-06-13,Poha,62,295,25,0,0
2026-06-13,Misal Pav,52,295,40,0,0
2026-06-13,Idli,54,295,35,0,0
2026-06-13,Tea,142,295,12,0,0
2026-06-14,Samosa,110,334,22,0,0
2026-06-14,Vada Pav,88,334,20,0,0
2026-06-14,Poha,51,334,25,0,0
2026-06-14,Misal Pav,37,334,40,0,0
2026-06-14,Idli,64,334,35,0,0
2026-06-14,Tea,161,334,12,0,0
2026-06-15,Samosa,130,489,22,0,0
2026-06-15,Vada Pav,123,489,20,0,0
2026-06-15,Poha,104,489,25,0,0
2026-06-15,Misal Pav,87,489,40,0,0
2026-06-15,Idli,90,489,35,0,0
2026-06-15,Tea,208,489,12,0,0
2026-06-16,Samosa,153,493,22,0,0
2026-06-16,Vada Pav,119,493,20,0,0
2026-06-16,Poha,89,493,25,0,0
2026-06-16,Misal Pav,89,493,40,0,0
2026-06-16,Idli,99,493,35,0,0
2026-06-16,Tea,234,493,12,0,0
2026-06-17,Samosa,163,492,22,0,0
2026-06-17,Vada Pav,128,492,20,0,0
2026-06-17,Poha,100,492,25,0,0
2026-06-17,Misal Pav,84,492,40,0,0
2026-06-17,Idli,91,492,35,0,0
2026-06-17,Tea,227,492,12,0,0
2026-06-18,Samosa,161,539,22,0,0
2026-06-18,Vada Pav,108,539,20,0,0
2026-06-18,Poha,100,539,25,0,0
2026-06-18,Misal Pav,75,539,40,0,0
2026-06-18,Idli,80,539,35,0,0
2026-06-18,Tea,248,539,12,0,0
2026-06-19,Samosa,176,571,22,0,0
2026-06-19,Vada Pav,130,571,20,0,0
2026-06-19,Poha,111,571,25,0,0
2026-06-19,Misal Pav,80,571,40,0,0
2026-06-19,Idli,92,571,35,0,0
2026-06-19,Tea,205,571,12,0,0
2026-06-20,Samosa,102,341,22,0,0
2026-06-20,Vada Pav,68,341,20,0,0
2026-06-20,Poha,63,341,25,0,0
2026-06-20,Misal Pav,50,341,40,0,0
2026-06-20,Idli,69,341,35,0,0
2026-06-20,Tea,157,341,12,0,0
2026-06-21,Samosa,103,330,22,0,0
2026-06-21,Vada Pav,81,330,20,0,0
2026-06-21,Poha,62,330,25,0,0
2026-06-21,Misal Pav,43,330,40,0,0
2026-06-21,Idli,56,330,35,0,0
2026-06-21,Tea,128,330,12,0,0
2026-06-22,Samosa,158,482,22,0,0
2026-06-22,Vada Pav,125,482,20,0,0
2026-06-22,Poha,83,482,25,0,0
2026-06-22,Misal Pav,75,482,40,0,0
2026-06-22,Idli,93,482,35,0,0
2026-06-22,Tea,231,482,12,0,0
2026-06-23,Samosa,158,550,22,0,0
2026-06-23,Vada Pav,118,550,20,0,0
2026-06-23,Poha,92,550,25,0,0
2026-06-23,Misal Pav,81,550,40,0,0
2026-06-23,Idli,92,550,35,0,0
2026-06-23,Tea,243,550,12,0,0
2026-06-24,Samosa,156,552,22,0,0
2026-06-24,Vada Pav,114,552,20,0,0
2026-06-24,Poha,97,552,25,0,0
2026-06-24,Misal Pav,80,552,40,0,0
2026-06-24,Idli,88,552,35,0,0
2026-06-24,Tea,212,552,12,0,0
2026-06-25,Samosa,150,527,22,0,0
2026-06-25,Vada Pav,119,527,20,0,0
2026-06-25,Poha,101,527,25,0,0
2026-06-25,Misal Pav,75,527,40,0,0
2026-06-25,Idli,90,527,35,0,0
2026-06-25,Tea,223,527,12,0,0
2026-06-26,Samosa,147,485,22,0,0
2026-06-26,Vada Pav,136,485,20,0,0
2026-06-26,Poha,88,485,25,0,0
2026-06-26,Misal Pav,63,485,40,0,0
2026-06-26,Idli,73,485,35,0,0
2026-06-26,Tea,214,485,12,0,0
2026-06-27,Samosa,99,330,22,0,0
2026-06-27,Vada Pav,92,330,20,0,0
2026-06-27,Poha,43,330,25,0,0
2026-06-27,Misal Pav,52,330,40,0,0
2026-06-27,Idli,67,330,35,0,0
2026-06-27,Tea,122,330,12,0,0
2026-06-28,Samosa,91,318,22,0,0
2026-06-28,Vada Pav,71,318,20,0,0
2026-06-28,Poha,60,318,25,0,0
2026-06-28,Misal Pav,58,318,40,0,0
2026-06-28,Idli,69,318,35,0,0
2026-06-28,Tea,134,318,12,0,0
2026-06-29,Samosa,180,577,22,0,1
2026-06-29,Vada Pav,145,577,20,0,1
2026-06-29,Poha,100,577,25,0,1
2026-06-29,Misal Pav,81,577,40,0,1
2026-06-29,Idli,93,577,35,0,1
2026-06-29,Tea,305,577,12,0,1
2026-06-30,Samosa,168,545,22,0,1
2026-06-30,Vada Pav,135,545,20,0,1
2026-06-30,Poha,97,545,25,0,1
2026-06-30,Misal Pav,76,545,40,0,1
2026-06-30,Idli,95,545,35,0,1
2026-06-30,Tea,248,545,12,0,1
2026-07-01,Samosa,175,528,22,0,1
2026-07-01,Vada Pav,128,528,20,0,1
2026-07-01,Poha,102,528,25,0,1
2026-07-01,Misal Pav,66,528,40,0,1
2026-07-01,Idli,93,528,35,0,1
2026-07-01,Tea,228,528,12,0,1
2026-07-02,Samosa,169,476,22,0,1
2026-07-02,Vada Pav,122,476,20,0,1
2026-07-02,Poha,91,476,25,0,1
2026-07-02,Misal Pav,81,476,40,0,1
2026-07-02,Idli,77,476,35,0,1
2026-07-02,Tea,231,476,12,0,1
2026-07-03,Samosa,198,502,22,0,1
2026-07-03,Vada Pav,144,502,20,0,1
2026-07-03,Poha,104,502,25,0,1
2026-07-03,Misal Pav,93,502,40,0,1
2026-07-03,Idli,101,502,35,0,1
2026-07-03,Tea,246,502,12,0,1
2026-07-04,Samosa,108,271,22,0,1
2026-07-04,Vada Pav,75,271,20,0,1
2026-07-04,Poha,60,271,25,0,1
2026-07-04,Misal Pav,48,271,40,0,1
2026-07-04,Idli,56,271,35,0,1
2026-07-04,Tea,168,271,12,0,1
2026-07-05,Samosa,96,296,22,0,1
2026-07-05,Vada Pav,68,296,20,0,1
2026-07-05,Poha,64,296,25,0,1
2026-07-05,Misal Pav,56,296,40,0,1
2026-07-05,Idli,53,296,35,0,1
2026-07-05,Tea,112,296,12,0,1
2026-07-06,Samosa,159,468,22,0,1
2026-07-06,Vada Pav,115,468,20,0,1
2026-07-06,Poha,92,468,25,0,1
2026-07-06,Misal Pav,75,468,40,0,1
2026-07-06,Idli,83,468,35,0,1
2026-07-06,Tea,255,468,12,0,1
2026-07-07,Samosa,162,499,22,0,1
2026-07-07,Vada Pav,127,499,20,0,1
2026-07-07,Poha,85,499,25,0,1
2026-07-07,Misal Pav,79,499,40,0,1
2026-07-07,Idli,88,499,35,0,1
2026-07-07,Tea,239,499,12,0,1
2026-07-08,Samosa,171,567,22,0,1
2026-07-08,Vada Pav,147,567,20,0,1
2026-07-08,Poha,99,567,25,0,1
2026-07-08,Misal Pav,72,567,40,0,1
2026-07-08,Idli,91,567,35,0,1
2026-07-08,Tea,232,567,12,0,1
2026-07-09,Samosa,177,497,22,0,1
2026-07-09,Vada Pav,128,497,20,0,1
2026-07-09,Poha,92,497,25,0,1
2026-07-09,Misal Pav,82,497,40,0,1
2026-07-09,Idli,95,497,35,0,1
2026-07-09,Tea,265,497,12,0,1
2026-07-10,Samosa,192,535,22,0,1
2026-07-10,Vada Pav,107,535,20,0,1
2026-07-10,Poha,97,535,25,0,1
2026-07-10,Misal Pav,73,535,40,0,1
2026-07-10,Idli,89,535,35,0,1
2026-07-10,Tea,236,535,12,0,1
2026-07-11,Samosa,135,325,22,0,1
2026-07-11,Vada Pav,78,325,20,0,1
2026-07-11,Poha,66,325,25,0,1
2026-07-11,Misal Pav,48,325,40,0,1
2026-07-11,Idli,57,325,35,0,1
2026-07-11,Tea,157,325,12,0,1
2026-07-12,Samosa,127,343,22,0,1
2026-07-12,Vada Pav,97,343,20,0,1
2026-07-12,Poha,66,343,25,0,1
2026-07-12,Misal Pav,54,343,40,0,1
2026-07-12,Idli,49,343,35,0,1
2026-07-12,Tea,157,343,12,0,1
2026-07-13,Samosa,187,548,22,0,1
2026-07-13,Vada Pav,128,548,20,0,1
2026-07-13,Poha,106,548,25,0,1
2026-07-13,Misal Pav,82,548,40,0,1
2026-07-13,Idli,97,548,35,0,1
2026-07-13,Tea,252,548,12,0,1
2026-07-14,Samosa,177,509,22,0,1
2026-07-14,Vada Pav,95,509,20,0,1
2026-07-14,Poha,101,509,25,0,1
2026-07-14,Misal Pav,55,509,40,0,1
2026-07-14,Idli,76,509,35,0,1
2026-07-14,Tea,250,509,12,0,1
2026-07-15,Samosa,161,534,22,0,1
2026-07-15,Vada Pav,118,534,20,0,1
2026-07-15,Poha,109,534,25,0,1
2026-07-15,Misal Pav,75,534,40,0,1
2026-07-15,Idli,104,534,35,0,1
2026-07-15,Tea,246,534,12,0,1
2026-07-16,Samosa,195,532,22,0,1
2026-07-16,Vada Pav,126,532,20,0,1
2026-07-16,Poha,91,532,25,0,1
2026-07-16,Misal Pav,77,532,40,0,1
2026-07-16,Idli,88,532,35,0,1
2026-07-16,Tea,222,532,12,0,1
2026-07-17,Samosa,164,512,22,0,1
2026-07-17,Vada Pav,133,512,20,0,1
2026-07-17,Poha,98,512,25,0,1
2026-07-17,Misal Pav,75,512,40,0,1
2026-07-17,Idli,87,512,35,0,1
2026-07-17,Tea,247,512,12,0,1
2026-07-18,Samosa,102,348,22,0,1
2026-07-18,Vada Pav,71,348,20,0,1
2026-07-18,Poha,72,348,25,0,1
2026-07-18,Misal Pav,48,348,40,0,1
2026-07-18,Idli,48,348,35,0,1
2026-07-18,Tea,167,348,12,0,1
2026-07-19,Samosa,95,343,22,0,1
2026-07-19,Vada Pav,83,343,20,0,1
2026-07-19,Poha,69,343,25,0,1
2026-07-19,Misal Pav,53,343,40,0,1
2026-07-19,Idli,61,343,35,0,1
2026-07-19,Tea,135,343,12,0,1
2026-07-20,Samosa,152,529,22,0,0
2026-07-20,Vada Pav,120,529,20,0,0
2026-07-20,Poha,105,529,25,0,0
2026-07-20,Misal Pav,87,529,40,0,0
2026-07-20,Idli,100,529,35,0,0
2026-07-20,Tea,241,529,12,0,0
2026-07-21,Samosa,159,516,22,0,0
2026-07-21,Vada Pav,131,516,20,0,0
2026-07-21,Poha,99,516,25,0,0
2026-07-21,Misal Pav,78,516,40,0,0
2026-07-21,Idli,93,516,35,0,0
2026-07-21,Tea,216,516,12,0,0
2026-07-22,Samosa,149,498,22,0,0
2026-07-22,Vada Pav,129,498,20,0,0
2026-07-22,Poha,97,498,25,0,0
2026-07-22,Misal Pav,79,498,40,0,0
2026-07-22,Idli,91,498,35,0,0
2026-07-22,Tea,209,498,12,0,0
2026-07-23,Samosa,162,542,22,0,0
2026-07-23,Vada Pav,114,542,20,0,0
2026-07-23,Poha,110,542,25,0,0
2026-07-23,Misal Pav,75,542,40,0,0
2026-07-23,Idli,78,542,35,0,0
2026-07-23,Tea,203,542,12,0,0
2026-07-24,Samosa,153,489,22,0,0
2026-07-24,Vada Pav,119,489,20,0,0
2026-07-24,Poha,94,489,25,0,0
2026-07-24,Misal Pav,80,489,40,0,0
2026-07-24,Idli,89,489,35,0,0
2026-07-24,Tea,219,489,12,0,0
2026-07-25,Samosa,108,342,22,0,0
2026-07-25,Vada Pav,60,342,20,0,0
2026-07-25,Poha,61,342,25,0,0
2026-07-25,Misal Pav,37,342,40,0,0
2026-07-25,Idli,57,342,35,0,0
2026-07-25,Tea,142,342,12,0,0
2026-07-26,Samosa,116,361,22,0,0
2026-07-26,Vada Pav,84,361,20,0,0
2026-07-26,Poha,61,361,25,0,0
2026-07-26,Misal Pav,54,361,40,0,0
2026-07-26,Idli,54,361,35,0,0
2026-07-26,Tea,143,361,12,0,0
2026-07-27,Samosa,151,549,22,0,0
2026-07-27,Vada Pav,134,549,20,0,0
2026-07-27,Poha,105,549,25,0,0
2026-07-27,Misal Pav,73,549,40,0,0
2026-07-27,Idli,96,549,35,0,0
2026-07-27,Tea,233,549,12,0,0
2026-07-28,Samosa,146,523,22,0,0
2026-07-28,Vada Pav,116,523,20,0,0
2026-07-28,Poha,94,523,25,0,0
2026-07-28,Misal Pav,81,523,40,0,0
2026-07-28,Idli,81,523,35,0,0
2026-07-28,Tea,225,523,12,0,0
2026-07-29,Samosa,150,482,22,0,0
2026-07-29,Vada Pav,123,482,20,0,0
2026-07-29,Poha,115,482,25,0,0
2026-07-29,Misal Pav,68,482,40,0,0
2026-07-29,Idli,96,482,35,0,0
2026-07-29,Tea,216,482,12,0,0
2026-07-30,Samosa,158,532,22,0,0
2026-07-30,Vada Pav,129,532,20,0,0
2026-07-30,Poha,98,532,25,0,0
2026-07-30,Misal Pav,87,532,40,0,0
2026-07-30,Idli,85,532,35,0,0
2026-07-30,Tea,238,532,12,0,0
2026-07-31,Samosa,153,500,22,0,0
2026-07-31,Vada Pav,113,500,20,0,0
2026-07-31,Poha,101,500,25,0,0
2026-07-31,Misal Pav,85,500,40,0,0
2026-07-31,Idli,86,500,35,0,0
2026-07-31,Tea,212,500,12,0,0
2026-08-01,Samosa,96,296,22,0,0
2026-08-01,Vada Pav,63,296,20,0,0
2026-08-01,Poha,55,296,25,0,0
2026-08-01,Misal Pav,50,296,40,0,0
2026-08-01,Idli,64,296,35,0,0
2026-08-01,Tea,185,296,12,0,0
2026-08-02,Samosa,116,312,22,0,0
2026-08-02,Vada Pav,82,312,20,0,0
2026-08-02,Poha,62,312,25,0,0
2026-08-02,Misal Pav,52,312,40,0,0
2026-08-02,Idli,56,312,35,0,0
2026-08-02,Tea,141,312,12,0,0
2026-08-03,Samosa,161,507,22,0,0
2026-08-03,Vada Pav,127,507,20,0,0
2026-08-03,Poha,117,507,25,0,0
2026-08-03,Misal Pav,87,507,40,0,0
2026-08-03,Idli,96,507,35,0,0
2026-08-03,Tea,249,507,12,0,0
2026-08-04,Samosa,159,543,22,0,0
2026-08-04,Vada Pav,119,543,20,0,0
2026-08-04,Poha,109,543,25,0,0
2026-08-04,Misal Pav,88,543,40,0,0
2026-08-04,Idli,92,543,35,0,0
2026-08-04,Tea,237,543,12,0,0
2026-08-05,Samosa,172,557,22,0,0
2026-08-05,Vada Pav,133,557,20,0,0
2026-08-05,Poha,105,557,25,0,0
2026-08-05,Misal Pav,82,557,40,0,0
2026-08-05,Idli,82,557,35,0,0
2026-08-05,Tea,234,557,12,0,0
2026-08-06,Samosa,142,479,22,0,0
2026-08-06,Vada Pav,134,479,20,0,0
2026-08-06,Poha,102,479,25,0,0
2026-08-06,Misal Pav,85,479,40,0,0
2026-08-06,Idli,84,479,35,0,0
2026-08-06,Tea,194,479,12,0,0
2026-08-07,Samosa,156,512,22,0,0
2026-08-07,Vada Pav,124,512,20,0,0
2026-08-07,Poha,106,512,25,0,0
2026-08-07,Misal Pav,75,512,40,0,0
2026-08-07,Idli,90,512,35,0,0
2026-08-07,Tea,200,512,12,0,0
2026-08-08,Samosa,101,343,22,0,0
2026-08-08,Vada Pav,74,343,20,0,0
2026-08-08,Poha,62,343,25,0,0
2026-08-08,Misal Pav,49,343,40,0,0
2026-08-08,Idli,55,343,35,0,0
2026-08-08,Tea,171,343,12,0,0
2026-08-09,Samosa,97,327,22,0,0
2026-08-09,Vada Pav,60,327,20,0,0
2026-08-09,Poha,56,327,25,0,0
2026-08-09,Misal Pav,48,327,40,0,0
2026-08-09,Idli,52,327,35,0,0
2026-08-09,Tea,164,327,12,0,0
2026-08-10,Samosa,170,515,22,0,0
2026-08-10,Vada Pav,124,515,20,0,0
2026-08-10,Poha,98,515,25,0,0
2026-08-10,Misal Pav,77,515,40,0,0
2026-08-10,Idli,88,515,35,0,0
2026-08-10,Tea,246,515,12,0,0
2026-08-11,Samosa,125,450,22,0,0
2026-08-11,Vada Pav,114,450,20,0,0
2026-08-11,Poha,95,450,25,0,0
2026-08-11,Misal Pav,79,450,40,0,0
2026-08-11,Idli,88,450,35,0,0
2026-08-11,Tea,203,450,12,0,0
2026-08-12,Samosa,170,550,22,0,0
2026-08-12,Vada Pav,128,550,20,0,0
2026-08-12,Poha,107,550,25,0,0
2026-08-12,Misal Pav,80,550,40,0,0
2026-08-12,Idli,85,550,35,0,0
2026-08-12,Tea,233,550,12,0,0
2026-08-13,Samosa,156,523,22,0,0
2026-08-13,Vada Pav,139,523,20,0,0
2026-08-13,Poha,80,523,25,0,0
2026-08-13,Misal Pav,69,523,40,0,0
2026-08-13,Idli,80,523,35,0,0
2026-08-13,Tea,212,523,12,0,0
2026-08-14,Samosa,137,512,22,0,0
2026-08-14,Vada Pav,114,512,20,0,0
2026-08-14,Poha,91,512,25,0,0
2026-08-14,Misal Pav,92,512,40,0,0
2026-08-14,Idli,100,512,35,0,0
2026-08-14,Tea,210,512,12,0,0
2026-08-15,Samosa,86,319,22,0,0
2026-08-15,Vada Pav,61,319,20,0,0
2026-08-15,Poha,62,319,25,0,0
2026-08-15,Misal Pav,44,319,40,0,0
2026-08-15,Idli,56,319,35,0,0
2026-08-15,Tea,113,319,12,0,0
2026-08-16,Samosa,101,307,22,0,0
2026-08-16,Vada Pav,83,307,20,0,0
2026-08-16,Poha,66,307,25,0,0
2026-08-16,Misal Pav,41,307,40,0,0
2026-08-16,Idli,62,307,35,0,0
2026-08-16,Tea,125,307,12,0,0
2026-08-17,Samosa,157,538,22,0,0
2026-08-17,Vada Pav,112,538,20,0,0
2026-08-17,Poha,97,538,25,0,0
2026-08-17,Misal Pav,80,538,40,0,0
2026-08-17,Idli,93,538,35,0,0
2026-08-17,Tea,217,538,12,0,0
2026-08-18,Samosa,171,565,22,0,0
2026-08-18,Vada Pav,125,565,20,0,0
2026-08-18,Poha,106,565,25,0,0
2026-08-18,Misal Pav,91,565,40,0,0
2026-08-18,Idli,103,565,35,0,0
2026-08-18,Tea,202,565,12,0,0
2026-08-19,Samosa,171,492,22,0,0
2026-08-19,Vada Pav,112,492,20,0,0
2026-08-19,Poha,87,492,25,0,0
2026-08-19,Misal Pav,73,492,40,0,0
2026-08-19,Idli,89,492,35,0,0
2026-08-19,Tea,213,492,12,0,0
2026-08-20,Samosa,146,500,22,0,0
2026-08-20,Vada Pav,116,500,20,0,0
2026-08-20,Poha,90,500,25,0,0
2026-08-20,Misal Pav,90,500,40,0,0
2026-08-20,Idli,89,500,35,0,0
2026-08-20,Tea,230,500,12,0,0
2026-08-21,Samosa,152,505,22,0,0
2026-08-21,Vada Pav,116,505,20,0,0
2026-08-21,Poha,77,505,25,0,0
2026-08-21,Misal Pav,69,505,40,0,0
2026-08-21,Idli,75,505,35,0,0
2026-08-21,Tea,178,505,12,0,0
2026-08-22,Samosa,114,294,22,0,0
2026-08-22,Vada Pav,78,294,20,0,0
2026-08-22,Poha,72,294,25,0,0
2026-08-22,Misal Pav,51,294,40,0,0
2026-08-22,Idli,61,294,35,0,0
2026-08-22,Tea,122,294,12,0,0
2026-08-23,Samosa,110,345,22,0,0
2026-08-23,Vada Pav,75,345,20,0,0
2026-08-23,Poha,68,345,25,0,0
2026-08-23,Misal Pav,54,345,40,0,0
2026-08-23,Idli,53,345,35,0,0
2026-08-23,Tea,123,345,12,0,0
2026-08-24,Samosa,153,484,22,0,0
2026-08-24,Vada Pav,125,484,20,0,0
2026-08-24,Poha,90,484,25,0,0
2026-08-24,Misal Pav,76,484,40,0,0
2026-08-24,Idli,90,484,35,0,0
2026-08-24,Tea,224,484,12,0,0
2026-08-25,Samosa,174,566,22,0,0
2026-08-25,Vada Pav,118,566,20,0,0
2026-08-25,Poha,113,566,25,0,0
2026-08-25,Misal Pav,76,566,40,0,0
2026-08-25,Idli,97,566,35,0,0
2026-08-25,Tea,224,566,12,0,0
2026-08-26,Samosa,133,507,22,0,0
2026-08-26,Vada Pav,122,507,20,0,0
2026-08-26,Poha,86,507,25,0,0
2026-08-26,Misal Pav,83,507,40,0,0
2026-08-26,Idli,98,507,35,0,0
2026-08-26,Tea,203,507,12,0,0
2026-08-27,Samosa,147,529,22,0,0
2026-08-27,Vada Pav,119,529,20,0,0
2026-08-27,Poha,105,529,25,0,0
2026-08-27,Misal Pav,78,529,40,0,0
2026-08-27,Idli,100,529,35,0,0
2026-08-27,Tea,211,529,12,0,0
